Issue Type,Summary,Description,Epic Name,Epic Link
Epic,Customer & User Management,"Manage user registration, authentication, and profiles.",Customer & User Management,
Task,Design database schema for users and roles,Create user table with roles and permissions.,,Customer & User Management
Task,Implement registration and login API,Build authentication endpoints in Node.js.,,Customer & User Management
Task,Develop React user registration and login pages,Frontend development for user module.,,Customer & User Management
Task,Integrate JWT authentication,Implement JWT token-based authentication.,,Customer & User Management
Task,Containerize user management service,Create Dockerfile for user management microservice.,,Customer & User Management
Epic,Policy Management,Create and manage insurance policies.,Policy Management,
Task,Design database schema for policies,Define schema and relationships.,,Policy Management
Task,Create policy CRUD API,Develop REST endpoints for policies.,,Policy Management
Task,Develop React policy dashboard,UI for managing insurance policies.,,Policy Management
Task,Implement role-based access,Restrict policy creation to authorized users.,,Policy Management
Task,Write unit tests for policy services,Add Jest unit tests for backend.,,Policy Management
Epic,Claims Processing,Automate and track the claim approval process.,Claims Processing,
Task,Define claims data model,Design database model for claims.,,Claims Processing
Task,Build claim submission API,Implement REST endpoints for claims.,,Claims Processing
Task,Develop frontend claim form,React form for filing claims.,,Claims Processing
Task,Integrate notification system,Send updates when claim status changes.,,Claims Processing
Task,Deploy claim microservice with Docker,Dockerize the claims processing component.,,Claims Processing
Epic,Payments & Billing,"Manage payment records, invoices, and billing automation.",Payments & Billing,
Task,Integrate payment gateway,Add Stripe or PayPal integration.,,Payments & Billing
Task,Create billing APIs,Endpoints for managing invoices and payments.,,Payments & Billing
Task,Build payment history page,Frontend page for viewing past payments.,,Payments & Billing
Task,Automate payment reminders,Implement scheduler for overdue reminders.,,Payments & Billing
Task,Add Docker volume for payment data,Persist payment data using Docker volumes.,,Payments & Billing
Epic,Reporting & Analytics Dashboard,Generate data insights and visualize reports.,Reporting & Analytics Dashboard,
Task,Create analytics API,Endpoints to fetch data insights.,,Reporting & Analytics Dashboard
Task,Integrate Chart.js or Recharts,Frontend charts for visualization.,,Reporting & Analytics Dashboard
Task,Build admin analytics dashboard,"UI for metrics like claims, policies, and users.",,Reporting & Analytics Dashboard
Task,Implement export-to-CSV,Allow exporting analytics data.,,Reporting & Analytics Dashboard
Task,Deploy dashboard on Kubernetes,Containerize and deploy analytics service.,,Reporting & Analytics Dashboard
